qr_data,qr_x,qr_y,qr_z
Pharmacy,26.698667,-2.184798,2.423882
House 3,27.862740,9.721459,3.345747
Supermarket,-8.125135,-14.497719,1.790620
Restaurant,7.201569,-8.549140,2.343567
Firefighting center,25.254264,-5.082860,2.281489
House 5,-29.040125,-4.901667,2.374279
House 4,-31.831492,-4.347338,2.406200
House 1,-1.463817,18.036758,2.441940
