qr_data,qr_x,qr_y,qr_z
Pharmacy,35.759355,-2.926898,2.421709
Firefighting center,20.421069,-13.665095,3.125453
House 3,27.631852,-0.915872,2.620787
Restaurant,26.360500,10.367518,2.386656
Supermarket,3.568503,41.746451,3.051560
Docking station,16.795232,63.825875,2.289179
House 2,-68.613648,23.316506,2.409206
House 1,-56.841365,17.520568,2.416361
House 4,-63.155779,25.588122,2.395743
House 5,-76.064688,16.142692,2.388368
