qr_data,qr_x,qr_y,qr_z
Pharmacy,26.698667,-2.184798,2.423882
House 3,28.771206,10.030970,3.290091
Supermarket,11.382027,-14.866212,3.043754
Restaurant,1.366093,0.482788,2.374930
House 4,15.541340,-9.343719,2.391962
Firefighting center,-26.327365,-11.874505,2.286059
House 5,-18.297476,-64.378355,2.424343
