qr_data,qr_x,qr_y,qr_z
Pharmacy,26.697181,-2.202881,2.421380
House 3,30.385803,10.803317,3.179153
Supermarket,-14.356423,-19.358488,3.042842
